asset_id,age_years,surface_type,traffic_level,condition_score,pothole_count,previous_repairs,days_since_last_repair,rainfall_30d_mm,complaints_30d,overdue_inspection,target_30d
RD-0833,11,concrete,5,48.1,1,4,1430,107.9,2,1,1
RD-0256,1,asphalt,5,87.6,1,0,1547,198.5,2,1,0
RD-0890,1,asphalt,3,80.3,2,0,1345,116.7,2,0,0
RD-0208,8,asphalt,3,60.2,1,1,1155,84.3,2,0,0
RD-0932,20,asphalt,5,17.3,8,6,635,189.3,2,0,1
RD-1425,17,concrete,4,37.1,7,6,1128,200.7,2,0,1
RD-0883,8,composite,3,59.6,0,3,1530,81.1,3,0,0
RD-0488,20,asphalt,2,58.8,0,10,920,49.6,0,0,1
RD-0532,12,asphalt,3,55.5,5,4,1297,116.0,4,0,1
RD-0905,3,asphalt,5,68.4,2,0,113,144.9,4,0,0
RD-1234,9,concrete,2,65.0,0,3,66,124.1,0,0,0
RD-1394,8,asphalt,2,75.6,0,1,1661,132.1,0,0,0
RD-0828,6,asphalt,2,85.6,2,3,1386,93.4,0,0,0
RD-1269,3,asphalt,3,71.4,2,3,1718,121.9,1,0,0
RD-1069,2,asphalt,4,81.2,1,1,970,170.0,1,1,0
RD-1178,17,asphalt,4,45.3,0,2,1096,197.8,2,0,1
RD-1270,10,composite,4,46.2,2,5,1499,159.2,1,0,0
RD-0536,7,asphalt,4,72.9,3,2,317,133.4,3,1,0
RD-0447,4,asphalt,1,78.3,2,1,817,191.0,0,1,0
RD-0327,14,asphalt,3,54.8,2,10,1355,188.7,2,1,1
RD-0448,4,composite,5,60.4,2,3,1573,112.2,2,1,0
RD-0831,4,asphalt,2,79.5,3,1,350,141.1,1,1,0
RD-0125,5,asphalt,1,76.1,1,2,1038,185.7,2,1,0
RD-0340,15,asphalt,1,57.6,1,6,101,149.3,4,1,1
RD-0764,3,asphalt,2,87.6,5,1,926,182.5,2,0,0
RD-0736,14,asphalt,3,59.3,0,3,777,126.7,3,0,1
RD-0090,10,asphalt,2,54.9,0,2,469,96.2,1,0,0
RD-0624,3,concrete,3,86.4,2,0,314,224.4,0,0,0
RD-0123,20,asphalt,2,47.2,1,5,1262,111.8,4,0,1
RD-0384,5,composite,2,100.0,1,4,1754,113.6,0,0,0
RD-0034,18,concrete,5,31.0,10,7,1117,195.9,5,0,1
RD-1320,19,asphalt,3,45.1,2,6,1773,34.8,2,0,1
RD-0494,7,asphalt,3,76.0,2,1,1441,70.2,2,0,0
RD-0083,19,asphalt,4,34.4,7,6,235,215.9,4,0,1
RD-1277,14,asphalt,2,40.9,1,7,455,144.0,4,0,1
RD-1265,13,asphalt,2,61.3,1,3,388,129.2,1,0,0
RD-0851,9,concrete,3,76.2,2,3,578,155.8,2,0,0
RD-0715,12,asphalt,5,35.4,6,2,910,163.9,2,0,1
RD-1062,15,concrete,2,44.6,1,2,1654,152.0,3,0,1
RD-0504,10,asphalt,5,70.4,0,0,362,163.9,2,0,0
RD-0748,18,composite,3,40.7,0,7,35,115.0,7,0,1
RD-1155,1,asphalt,1,89.7,0,1,911,123.7,0,1,0
RD-0840,10,asphalt,5,58.3,3,2,975,164.7,1,0,0
RD-0200,19,asphalt,1,37.2,7,8,855,132.5,2,0,1
RD-0407,4,asphalt,2,95.3,2,0,560,101.2,1,0,0
RD-0646,3,asphalt,2,77.6,1,1,69,101.1,2,1,0
RD-0129,11,concrete,4,64.3,2,1,1114,97.4,1,0,0
RD-0275,8,asphalt,2,70.4,0,2,1389,91.7,0,0,0
RD-0928,13,concrete,3,51.8,1,4,199,28.3,1,0,1
RD-0153,5,asphalt,1,84.4,0,1,676,52.1,0,0,0
RD-0779,9,asphalt,3,70.9,1,4,1126,179.3,3,0,0
RD-1498,3,asphalt,5,73.3,2,2,1113,80.0,0,0,0
RD-1179,13,composite,3,56.2,1,4,1584,203.0,0,0,0
RD-1012,17,asphalt,2,45.9,0,7,1373,103.7,1,0,1
RD-0259,14,asphalt,2,50.3,1,3,456,119.5,2,1,1
RD-0055,10,asphalt,3,60.4,0,4,677,164.2,0,0,0
RD-0355,8,concrete,3,75.7,3,4,1647,138.4,0,0,0
RD-0266,1,concrete,3,74.6,2,0,1717,72.1,1,0,0
RD-1255,8,asphalt,2,82.1,1,2,1278,129.0,0,0,0
RD-1022,8,asphalt,5,58.7,1,0,204,77.3,3,0,1
RD-0011,8,concrete,2,78.2,2,5,716,171.2,3,0,0
RD-1362,15,asphalt,3,59.3,1,8,1155,136.6,3,0,1
RD-1371,16,concrete,4,47.1,4,3,1377,120.7,3,1,1
RD-0809,2,asphalt,1,89.4,3,0,355,185.3,0,0,0
RD-0451,9,asphalt,2,68.0,1,2,1216,89.3,0,1,0
RD-0013,2,composite,5,83.5,1,1,630,161.7,0,0,0
RD-0518,6,concrete,3,71.8,2,3,1443,176.1,4,1,0
RD-1201,2,asphalt,5,78.4,4,1,1089,142.0,3,1,0
RD-0296,1,asphalt,4,89.9,1,1,1029,64.3,0,1,0
RD-0241,4,asphalt,4,70.9,1,1,1331,118.8,4,1,1
RD-0364,5,asphalt,4,70.5,0,1,1199,193.2,4,0,0
RD-0885,7,asphalt,5,55.9,1,1,1453,205.8,2,0,1
RD-1400,13,concrete,3,60.1,1,1,528,174.7,4,0,0
RD-0725,16,asphalt,1,57.5,2,1,542,123.0,3,0,1
RD-0379,12,asphalt,3,54.2,2,4,1704,134.4,3,1,1
RD-0141,11,asphalt,4,57.6,2,6,1146,219.5,4,0,1
RD-1475,15,asphalt,4,38.0,12,5,1664,196.6,3,1,1
RD-0545,1,composite,3,98.9,1,0,1471,144.8,1,0,0
RD-0432,2,asphalt,2,86.1,2,1,542,152.8,0,0,0
RD-0400,2,asphalt,2,88.4,2,0,782,120.7,0,1,0
RD-0674,15,concrete,3,54.6,0,6,1306,114.6,2,0,1
RD-1462,15,concrete,4,36.8,9,4,1420,146.8,4,0,1
RD-0539,13,asphalt,4,44.1,1,3,191,175.4,1,0,1
RD-1395,1,composite,4,75.5,3,0,458,126.6,4,0,0
RD-0810,15,asphalt,5,39.3,9,3,351,126.3,1,0,1
RD-0088,1,asphalt,1,93.6,1,1,917,60.9,0,0,0
RD-0240,8,composite,1,77.1,1,2,1290,203.6,0,0,0
RD-0780,5,asphalt,4,73.1,2,3,374,64.7,1,0,0
RD-0255,4,asphalt,1,93.9,1,0,478,138.6,0,0,0
RD-0576,8,concrete,1,74.0,2,4,1495,165.1,0,1,0
RD-1075,4,concrete,1,92.1,1,2,259,140.3,1,0,0
RD-0070,18,composite,5,46.3,3,8,505,138.3,4,1,1
RD-0841,12,asphalt,1,80.6,1,3,756,85.4,1,0,0
RD-0081,8,asphalt,4,76.9,1,4,1050,139.0,2,1,0
RD-0730,17,composite,2,49.8,1,8,1328,137.8,0,0,1
RD-1372,18,concrete,2,46.2,1,5,193,96.9,2,0,0
RD-0411,17,concrete,5,40.0,3,5,247,187.7,3,0,1
RD-1281,16,concrete,2,56.9,0,2,1431,111.0,4,0,1
RD-0559,4,asphalt,4,69.2,1,1,1742,201.6,0,0,0
RD-0722,15,asphalt,1,51.9,1,6,277,166.0,2,0,1
RD-0159,9,asphalt,4,60.1,0,2,53,167.2,1,0,0
RD-0180,12,asphalt,4,45.2,4,4,840,192.2,2,0,1
RD-0852,11,asphalt,3,52.8,1,5,355,144.1,0,0,0
RD-0538,13,asphalt,3,51.9,0,3,94,153.6,3,0,0
RD-0429,13,asphalt,3,44.8,1,8,122,105.4,1,0,1
RD-0830,11,concrete,2,63.1,3,3,661,146.4,2,0,0
RD-0292,5,asphalt,5,67.9,2,1,1075,109.7,3,1,0
RD-1375,16,asphalt,2,52.2,1,4,235,114.3,3,1,1
RD-1140,6,asphalt,2,70.7,1,1,910,182.9,3,0,0
RD-0421,12,asphalt,1,68.7,2,1,820,130.2,5,0,0
RD-0049,4,composite,3,79.3,1,1,1672,72.2,1,1,0
RD-0908,8,concrete,1,73.9,1,1,1797,84.1,1,0,0
RD-0437,8,asphalt,5,64.9,1,2,135,158.4,1,0,0
RD-0119,13,asphalt,5,54.8,4,2,1709,114.4,6,0,1
RD-0859,18,asphalt,3,40.2,0,5,1472,218.2,6,0,1
RD-0918,1,asphalt,3,77.5,1,0,213,199.9,2,0,0
RD-1096,10,concrete,1,65.3,1,4,380,146.5,1,0,0
RD-1164,7,asphalt,5,56.4,4,1,807,131.3,0,0,1
RD-0653,16,concrete,3,43.6,2,5,487,61.6,2,0,1
RD-0363,19,asphalt,3,35.1,8,4,669,115.3,2,1,1
RD-0914,20,concrete,4,32.6,5,5,548,153.9,2,1,1
RD-1091,1,composite,4,78.8,2,0,1469,152.7,1,0,0
RD-0147,9,asphalt,1,70.9,2,1,1047,210.8,0,1,0
RD-1110,17,asphalt,3,46.0,3,5,1237,79.2,1,1,1
RD-1256,12,asphalt,2,69.0,0,0,104,133.9,0,0,0
RD-1331,5,asphalt,1,94.1,0,2,425,180.0,1,0,0
RD-1023,17,asphalt,3,52.9,1,7,227,157.5,1,0,1
RD-0696,16,asphalt,1,59.0,2,6,1715,168.1,3,1,1
RD-1341,18,asphalt,1,52.4,2,2,874,158.9,2,0,1
RD-0596,18,asphalt,4,38.2,8,5,512,96.0,2,0,1
RD-0351,13,asphalt,1,70.8,1,5,632,144.6,1,0,0
RD-0171,17,concrete,4,36.2,7,6,472,145.3,3,0,1
RD-1326,9,asphalt,3,64.6,2,3,1501,97.9,2,0,1
RD-0663,2,asphalt,4,85.7,4,1,1120,127.1,0,1,0
RD-0483,15,asphalt,4,27.8,7,4,134,90.4,1,0,1
RD-0781,6,concrete,2,70.9,3,2,1080,137.3,1,1,0
RD-0495,14,asphalt,1,62.5,2,3,1762,128.1,1,0,0
RD-0587,9,asphalt,3,60.6,2,4,243,86.9,2,0,0
RD-1316,20,asphalt,3,33.9,5,3,1653,190.1,2,1,1
RD-0307,2,concrete,3,85.5,1,0,610,169.3,2,0,0
RD-0016,2,asphalt,2,86.5,3,0,1409,127.9,0,0,0
RD-1257,7,asphalt,2,69.0,2,2,1763,201.9,1,0,0
RD-1463,15,asphalt,2,44.9,0,4,44,94.5,3,0,1
RD-0811,11,asphalt,2,52.2,1,4,212,179.5,0,0,0
RD-1040,2,asphalt,3,81.4,3,0,449,93.5,1,1,0
RD-1222,15,asphalt,1,76.8,1,5,1396,149.6,0,0,0
RD-0922,2,composite,3,79.7,0,0,256,123.3,2,0,0
RD-0757,7,asphalt,3,70.4,1,1,1368,213.4,1,0,0
RD-0666,2,asphalt,5,55.6,0,1,1731,88.2,4,0,1
RD-0239,17,concrete,5,32.0,15,4,806,88.4,1,0,1
RD-0395,1,concrete,4,82.5,2,0,1383,184.9,2,0,0
RD-1194,3,asphalt,3,81.2,0,1,143,175.5,2,0,0
RD-1396,16,concrete,1,57.6,2,3,558,219.6,1,0,0
RD-1349,4,asphalt,3,69.5,0,2,668,171.1,2,0,0
RD-0542,8,concrete,2,75.4,2,3,600,114.5,1,0,0
RD-0115,9,asphalt,3,61.4,3,1,744,159.7,5,0,1
RD-0812,8,concrete,1,80.3,1,6,264,50.8,0,0,0
RD-0146,13,asphalt,3,49.5,2,4,1091,234.0,1,1,1
RD-1406,11,asphalt,1,77.4,1,2,1390,96.5,1,0,0
RD-0303,8,concrete,1,73.1,2,4,1592,159.6,0,0,0
RD-0122,17,concrete,4,25.9,2,8,90,109.1,4,0,1
RD-0468,20,composite,3,30.4,10,10,662,161.7,3,1,1
RD-0358,13,concrete,4,52.5,1,3,972,220.8,4,1,1
RD-1304,4,composite,4,74.5,4,1,543,191.7,0,0,0
RD-1387,8,composite,4,66.7,2,3,1489,145.7,1,0,0
RD-1123,9,concrete,3,64.5,1,2,865,100.6,2,0,0
RD-0584,9,composite,1,65.8,3,5,748,89.4,3,0,0
RD-0359,18,asphalt,3,32.7,4,5,1263,172.0,3,1,1
RD-0860,14,asphalt,4,38.8,9,8,540,28.3,1,1,1
RD-0306,15,asphalt,1,59.2,1,2,1496,144.4,4,0,0
RD-0116,15,asphalt,4,43.9,0,5,1746,160.2,2,0,1
RD-1383,19,asphalt,2,46.8,2,3,1190,156.5,3,1,1
RD-0101,3,asphalt,5,73.8,2,2,1450,140.6,3,0,0
RD-0661,7,concrete,3,77.0,0,1,603,174.0,1,1,0
RD-1492,5,concrete,1,80.1,1,1,681,91.8,1,1,0
RD-1241,7,asphalt,1,74.4,1,3,253,172.4,1,0,0
RD-0391,16,concrete,3,54.1,0,2,625,198.5,3,0,1
RD-1158,19,asphalt,4,42.0,3,3,836,178.4,2,0,1
RD-0513,9,asphalt,3,68.2,2,2,1564,201.7,2,0,0
RD-0657,14,concrete,2,52.6,3,7,1562,194.5,0,1,0
RD-0184,17,asphalt,3,58.8,0,5,364,145.4,4,1,1
RD-0682,10,asphalt,1,81.1,3,3,613,135.7,1,0,0
RD-0726,17,asphalt,3,35.3,6,6,867,197.9,6,0,1
RD-0341,11,asphalt,2,63.3,1,5,1095,199.6,0,0,0
RD-0099,16,asphalt,2,46.5,0,3,1660,182.8,3,0,1
RD-0247,3,asphalt,3,67.8,1,2,1211,101.2,3,0,0
RD-0640,17,asphalt,4,34.3,5,3,772,168.3,0,0,1
RD-0523,1,asphalt,1,82.1,0,0,678,109.8,0,0,0
RD-1070,3,asphalt,1,83.6,1,2,1673,151.1,1,0,0
RD-1295,18,asphalt,1,50.7,1,6,119,111.9,1,0,1
RD-0192,16,asphalt,3,53.7,1,7,1004,136.5,2,0,1
RD-1496,15,asphalt,4,39.5,3,3,848,92.2,3,0,1
RD-0530,6,concrete,4,64.3,1,1,1239,104.2,2,1,0
RD-0836,6,concrete,1,60.6,1,3,1760,166.6,1,0,0
RD-0929,15,concrete,2,61.4,3,3,595,140.4,0,0,0
RD-0546,3,asphalt,3,94.6,1,2,510,32.5,0,0,0
RD-0492,13,asphalt,1,70.7,4,8,758,194.6,2,0,0
RD-0409,16,asphalt,2,59.7,1,3,650,107.3,1,0,0
RD-0607,18,asphalt,3,46.2,2,5,1739,108.1,4,0,1
RD-1262,18,concrete,3,38.0,2,2,1679,93.0,0,0,1
RD-0554,13,asphalt,2,48.3,2,5,794,136.8,1,0,0
RD-0229,9,asphalt,2,57.2,3,0,258,144.1,2,0,0
RD-0705,18,asphalt,2,55.0,4,2,598,103.9,1,0,1
RD-0348,7,asphalt,4,73.7,0,2,707,210.2,3,0,0
RD-1429,3,concrete,3,79.5,0,0,747,144.3,1,0,0
RD-0553,13,concrete,1,69.3,1,5,435,209.3,1,1,1
RD-1170,1,concrete,2,99.7,5,0,824,84.2,0,1,0
RD-0465,9,concrete,1,77.3,1,2,632,41.0,1,0,0
RD-0727,4,composite,4,65.5,4,3,535,138.0,1,1,0
RD-1046,1,asphalt,3,83.6,1,0,947,138.5,1,0,0
RD-0699,8,asphalt,3,52.8,0,2,1726,146.9,1,0,0
RD-1489,20,asphalt,3,37.2,8,9,1634,35.5,3,0,1
RD-0967,4,asphalt,2,89.7,0,1,1250,127.2,1,0,0
RD-1403,6,asphalt,5,70.3,3,1,1425,79.7,0,0,0
RD-1357,3,asphalt,2,76.8,0,2,481,159.5,1,0,0
RD-0251,2,asphalt,3,74.8,3,0,41,143.4,1,0,0
RD-0036,14,concrete,3,53.6,3,4,1302,160.3,3,1,1
RD-1296,5,composite,1,84.8,1,1,93,231.8,0,0,0
RD-0167,3,asphalt,3,76.1,4,0,1776,119.3,2,0,0
RD-0460,5,asphalt,2,92.1,1,1,712,131.1,1,1,0
RD-0583,5,asphalt,3,76.1,0,1,1584,167.5,1,0,0
RD-0164,12,composite,5,42.6,2,6,1411,105.9,2,0,1
RD-1483,3,concrete,2,76.7,3,1,582,152.0,0,0,0
RD-0135,10,asphalt,3,60.2,2,3,1143,142.6,2,0,0
RD-0618,16,concrete,4,40.9,1,4,174,31.1,2,1,1
RD-0069,13,asphalt,2,58.4,1,5,1382,163.2,0,0,1
RD-1445,12,asphalt,2,63.1,1,5,1126,206.6,0,1,0
RD-1229,17,concrete,5,34.4,9,2,1564,100.2,2,0,1
RD-0842,2,composite,3,83.9,0,1,983,209.0,1,0,0
RD-0531,19,asphalt,3,34.3,9,6,1733,137.4,3,0,1
RD-0057,18,composite,3,31.5,7,11,531,220.6,2,0,1
RD-1259,17,asphalt,4,40.2,2,7,1346,110.4,1,0,1
RD-0512,10,concrete,2,48.6,0,1,766,201.4,0,0,0
RD-0763,10,asphalt,3,61.9,3,6,500,134.6,0,0,0
RD-0420,5,asphalt,3,79.3,1,1,1392,10.5,2,0,0
RD-0015,6,asphalt,5,58.6,1,3,1379,127.5,1,0,0
RD-1020,17,composite,3,49.4,0,1,1761,184.3,1,1,1
RD-0995,9,concrete,2,64.6,2,1,1021,176.3,4,1,0
RD-0237,20,asphalt,3,54.1,0,2,597,80.0,1,0,1
RD-0803,4,concrete,2,93.7,2,1,1755,101.5,1,0,0
RD-0445,13,asphalt,3,57.4,5,6,1347,202.9,4,1,1
RD-0586,17,asphalt,1,41.7,4,2,433,59.6,1,1,1
RD-0281,16,concrete,3,44.8,1,3,1000,138.7,5,0,1
RD-0936,15,asphalt,2,52.1,3,4,1799,164.6,0,0,1
RD-0800,2,composite,1,89.3,2,0,467,200.0,0,0,0
RD-0774,8,asphalt,4,63.6,1,7,643,142.7,0,1,0
RD-0328,16,asphalt,3,42.8,1,5,700,144.3,3,0,1
RD-0261,20,asphalt,4,36.8,5,3,945,175.3,4,0,1
RD-0935,5,asphalt,2,71.7,2,0,128,93.1,0,0,0
RD-0446,11,composite,4,60.1,1,2,1318,37.9,2,0,0
RD-0819,19,asphalt,2,27.1,9,4,358,214.1,2,0,1
RD-0707,19,concrete,3,50.8,1,9,806,143.2,4,0,1
RD-0814,13,asphalt,4,63.0,1,5,1239,175.7,0,1,1
RD-1111,10,asphalt,3,63.9,0,6,507,129.7,1,1,0
RD-0765,9,asphalt,4,56.8,2,2,1350,87.2,1,0,0
RD-0037,18,composite,5,47.0,1,3,765,121.7,1,0,1
RD-0176,1,asphalt,4,94.5,2,0,742,112.4,0,1,0
RD-0481,20,concrete,3,57.0,1,11,996,176.6,3,1,1
RD-0897,14,asphalt,2,61.7,2,5,127,167.4,1,1,1
RD-0404,1,concrete,2,97.0,1,0,498,63.6,0,0,0
RD-0193,1,asphalt,2,84.7,0,0,1737,145.6,0,0,0
RD-0704,3,asphalt,2,77.8,1,1,186,185.5,1,0,0
RD-1085,19,concrete,4,34.9,6,6,1621,134.3,6,0,1
RD-0615,9,composite,3,82.4,1,3,1375,160.7,1,1,0
RD-1187,17,asphalt,2,41.7,2,6,1038,117.7,4,1,1
RD-0806,17,asphalt,2,57.9,2,4,86,156.4,0,0,1
RD-1027,19,asphalt,3,32.8,7,6,774,124.4,0,0,1
RD-0137,6,asphalt,4,69.4,2,0,1415,250.0,4,1,0
RD-0952,6,asphalt,5,60.2,2,1,405,154.5,2,0,1
RD-1342,17,asphalt,2,37.5,8,4,1045,147.6,2,1,1
RD-1053,14,asphalt,2,54.7,4,8,590,134.0,2,0,1
RD-0138,12,asphalt,3,61.9,1,5,1466,151.1,0,1,1
RD-0801,20,asphalt,4,27.9,8,8,1530,133.1,5,0,1
RD-0286,17,asphalt,1,64.6,0,3,249,143.5,2,1,1
RD-1059,1,asphalt,3,100.0,1,0,1700,97.3,1,0,0
RD-0879,4,concrete,5,74.4,1,3,1155,158.0,1,1,0
RD-0314,11,asphalt,1,74.2,0,1,1746,86.3,0,0,0
RD-0177,1,asphalt,1,85.2,2,0,1272,60.1,0,0,0
RD-0597,19,asphalt,2,44.3,1,3,334,158.1,3,0,1
RD-0389,5,composite,3,78.5,0,0,837,90.3,0,1,0
RD-0783,2,asphalt,4,67.5,3,0,804,118.1,3,1,0
RD-1233,7,concrete,3,71.3,3,2,356,25.2,0,0,0
RD-1135,9,concrete,2,72.1,5,3,1551,156.5,0,0,0
RD-0762,4,asphalt,5,73.7,1,1,1772,87.1,0,1,0
RD-1488,5,asphalt,5,72.0,2,1,1351,220.1,2,0,0
RD-0823,17,asphalt,4,47.0,1,5,1314,154.6,2,0,1
RD-0318,3,asphalt,3,79.5,2,2,1247,57.6,1,0,0
RD-1283,15,composite,2,44.7,1,5,770,169.3,4,0,1
RD-0964,11,asphalt,3,60.5,1,2,50,125.7,2,0,0
RD-1035,1,asphalt,2,89.5,2,1,1244,158.8,0,0,0
RD-0092,9,concrete,4,62.5,2,7,319,180.3,2,0,0
RD-1367,15,asphalt,3,54.5,0,8,312,206.3,5,1,1
RD-0329,14,concrete,1,72.8,2,2,387,151.0,1,1,0
RD-1175,3,asphalt,4,65.9,3,1,291,185.0,3,0,1
RD-1227,16,asphalt,4,49.2,1,4,398,134.0,3,0,1
RD-0113,14,concrete,2,65.4,1,4,1373,103.4,0,0,0
RD-0937,4,asphalt,3,82.3,1,1,1090,173.6,2,0,0
RD-0316,7,asphalt,3,62.0,1,2,1346,207.7,1,0,0
RD-1477,20,asphalt,3,42.4,1,6,134,165.8,3,0,1
RD-1398,13,asphalt,2,65.0,1,6,155,141.9,3,0,0
RD-1072,14,asphalt,2,65.4,3,3,76,143.3,3,1,1
RD-0622,5,asphalt,1,90.9,3,2,1778,186.5,0,0,0
RD-0258,1,asphalt,5,78.6,1,2,1159,123.1,1,1,0
RD-0441,9,concrete,5,67.6,1,3,746,129.7,3,0,0
RD-0675,10,concrete,2,63.7,1,6,826,147.3,3,0,0
RD-1134,4,asphalt,2,91.1,1,1,1250,169.8,1,0,0
RD-0999,6,concrete,2,86.1,1,1,161,108.9,0,0,0
RD-0869,8,asphalt,4,71.2,0,2,1286,144.1,2,0,0
RD-0750,3,asphalt,4,70.3,2,1,234,137.8,2,0,0
RD-1071,14,concrete,4,49.3,0,4,944,147.0,3,0,1
RD-1491,19,concrete,4,12.1,5,10,642,148.0,3,0,1
RD-0382,5,asphalt,5,88.7,1,1,1608,115.4,1,1,0
RD-0974,17,composite,2,48.8,1,6,687,81.5,1,1,1
RD-0095,8,asphalt,3,64.7,3,0,678,141.9,5,0,1
RD-1427,2,asphalt,4,75.7,1,0,949,183.2,4,0,0
RD-0025,19,asphalt,3,22.3,9,5,1040,86.0,1,1,1
RD-1268,2,concrete,5,77.9,0,1,1527,25.9,1,0,0
RD-1063,5,concrete,4,83.2,2,1,292,140.9,1,1,0
RD-0993,10,asphalt,2,72.2,1,2,127,153.7,2,0,0
RD-1469,4,asphalt,3,79.8,1,1,1271,223.7,1,1,0
RD-1369,8,asphalt,3,70.2,0,2,1257,164.1,2,0,0
RD-1042,18,composite,4,60.1,2,6,1487,185.9,0,0,1
RD-0997,20,asphalt,3,36.7,8,7,369,157.7,2,0,1
RD-0276,2,concrete,1,85.1,1,0,647,162.9,2,0,0
RD-1494,1,asphalt,5,78.6,1,0,861,203.3,2,1,0
RD-0387,14,asphalt,5,51.6,0,4,552,132.1,4,1,1
RD-0019,12,asphalt,5,48.9,1,5,1071,102.1,3,0,1
RD-0365,9,asphalt,2,64.6,2,5,482,160.1,1,0,0
RD-0977,14,concrete,3,55.0,2,6,1293,97.1,3,1,1
RD-0405,5,concrete,4,65.9,2,4,307,158.5,2,0,0
RD-0718,17,concrete,4,42.0,0,6,35,93.7,2,1,1
RD-1338,10,asphalt,5,47.4,1,3,574,210.6,4,0,1
RD-0713,5,asphalt,5,69.0,1,0,1380,179.0,1,0,0
RD-1246,17,asphalt,2,44.2,3,4,753,201.2,2,0,1
RD-1391,6,asphalt,4,70.2,1,1,254,88.4,2,0,0
RD-1079,16,asphalt,3,57.6,1,7,791,84.4,3,0,1
RD-0654,15,concrete,4,38.4,5,6,263,100.5,2,0,1
RD-0505,12,asphalt,3,59.1,0,8,269,150.2,4,0,1
RD-1439,4,asphalt,1,94.7,1,0,367,157.2,0,1,0
RD-0575,16,asphalt,2,68.8,3,4,909,142.6,1,0,1
RD-0173,2,asphalt,2,97.3,1,1,891,18.2,1,0,0
RD-0206,9,asphalt,2,66.5,2,0,1672,162.3,0,0,0
RD-0310,17,asphalt,2,47.6,1,9,716,79.9,5,0,1
RD-1485,12,asphalt,3,45.3,0,5,1632,140.2,1,0,1
RD-1337,17,asphalt,4,41.7,1,4,299,141.0,2,1,1
RD-0463,13,asphalt,2,57.6,2,2,980,88.9,5,0,1
RD-0522,13,asphalt,3,66.3,3,2,1634,178.2,2,0,0
RD-1136,6,asphalt,2,82.3,2,3,930,136.2,1,0,0
RD-1274,18,asphalt,2,47.6,0,3,1671,121.4,4,1,1
RD-0320,13,concrete,3,51.0,0,5,1605,127.1,3,0,0
RD-1077,5,asphalt,2,68.6,2,1,786,133.0,1,0,0
RD-0223,1,asphalt,2,81.1,1,0,860,165.0,1,0,0
RD-0502,12,asphalt,4,53.4,2,7,1099,67.8,4,0,1
RD-0425,8,composite,4,66.0,3,1,1455,146.9,3,1,1
RD-0234,3,concrete,3,77.3,2,1,598,166.0,2,1,0
RD-0524,20,asphalt,4,35.8,7,6,1717,150.9,3,1,1
RD-0472,17,asphalt,3,50.8,0,11,760,188.0,0,1,1
RD-1041,17,asphalt,1,50.7,2,7,705,116.3,1,0,1
RD-0300,18,concrete,2,58.0,0,3,1609,24.0,2,0,0
RD-1315,7,asphalt,1,84.0,1,0,973,163.1,0,0,0
RD-0342,5,asphalt,1,88.8,0,1,440,57.2,0,1,0
RD-1224,13,asphalt,2,64.4,3,6,717,116.4,2,0,0
RD-1379,17,asphalt,4,42.5,1,4,820,205.0,3,0,1
RD-0627,10,asphalt,3,59.5,0,3,1259,66.3,1,0,0
RD-1098,3,concrete,4,76.4,2,4,379,71.9,1,1,0
RD-1078,14,asphalt,5,48.4,1,5,345,96.8,6,0,1
RD-1202,12,composite,4,31.8,1,1,616,152.4,3,1,1
RD-1124,11,composite,5,57.0,3,6,1074,128.2,0,0,0
RD-0786,5,asphalt,3,61.8,2,1,1664,88.3,0,0,0
RD-0855,3,asphalt,4,77.4,2,1,489,165.3,0,0,0
RD-0723,15,asphalt,3,42.9,1,5,1784,156.1,0,0,1
RD-0406,13,asphalt,3,57.2,0,5,219,98.5,2,1,1
RD-1376,13,asphalt,1,66.4,2,5,1482,157.7,3,0,0
RD-1084,1,concrete,1,81.3,0,0,1754,136.5,0,1,0
RD-0386,17,asphalt,1,49.0,1,5,645,43.6,3,0,1
RD-0132,7,asphalt,2,68.7,1,3,1291,205.6,1,0,0
RD-1310,7,asphalt,3,73.4,0,1,829,124.9,2,0,0
RD-0930,4,concrete,4,76.8,0,1,161,165.8,3,0,0
RD-1500,12,asphalt,4,59.5,1,9,365,150.9,2,0,0
RD-0333,2,concrete,2,91.3,2,0,1604,116.1,1,0,0
RD-0681,17,concrete,1,44.0,2,3,448,174.7,1,1,1
RD-0777,19,asphalt,3,30.5,5,7,549,136.5,2,0,1
RD-0702,4,asphalt,3,92.0,1,1,1483,152.9,0,1,0
RD-0198,20,asphalt,3,50.2,2,3,110,173.6,4,0,1
RD-0476,19,asphalt,3,44.1,2,10,1796,123.5,3,0,1
RD-1412,7,asphalt,4,67.9,2,2,400,146.7,2,0,0
RD-1447,10,asphalt,4,64.1,3,5,1205,121.5,0,1,0
RD-0235,20,asphalt,2,38.0,9,12,206,103.4,3,0,1
RD-1115,19,asphalt,2,64.6,1,12,259,161.9,0,0,0
RD-0059,2,asphalt,3,91.2,2,1,726,130.5,0,1,0
RD-1305,12,concrete,3,55.7,0,4,165,108.2,2,0,0
RD-1404,7,asphalt,4,59.8,1,4,167,129.3,2,0,1
RD-0557,11,composite,3,61.3,2,1,1649,124.8,2,0,0
RD-1182,9,asphalt,2,69.1,1,2,820,193.5,1,0,0
RD-0880,13,concrete,4,58.4,2,3,566,152.4,8,1,1
RD-0820,20,asphalt,2,37.9,8,9,1418,167.7,3,1,1
RD-0410,2,concrete,4,83.5,0,1,1243,172.1,3,0,0
RD-0807,6,asphalt,4,77.8,2,3,1227,108.6,1,0,0
RD-1195,18,asphalt,2,42.0,3,6,325,175.1,2,0,1
RD-0990,15,asphalt,3,49.4,0,2,420,95.7,1,0,1
RD-0433,19,asphalt,2,39.6,8,5,1388,75.7,0,0,1
RD-0213,11,composite,2,59.1,2,1,1367,203.3,5,0,0
RD-0408,16,asphalt,4,41.3,3,5,1579,199.2,5,0,1
RD-0507,6,asphalt,4,81.9,1,3,257,120.9,1,1,0
RD-1087,19,asphalt,2,52.8,1,5,763,157.5,1,1,1
RD-0734,15,asphalt,5,55.9,3,3,1230,75.6,4,0,1
RD-0435,3,asphalt,1,91.6,1,1,953,197.1,0,0,0
RD-0913,1,asphalt,3,85.0,0,0,693,173.4,0,0,0
RD-1148,7,concrete,2,68.9,1,1,178,56.6,0,0,0
RD-0216,3,asphalt,2,76.2,3,1,276,177.7,3,1,0
RD-1360,10,composite,1,61.9,3,2,1309,194.2,0,0,0
RD-0215,10,asphalt,3,64.6,3,2,834,193.6,1,0,0
RD-0357,16,asphalt,2,51.3,0,5,1382,148.5,1,0,1
RD-0295,3,asphalt,1,83.5,0,1,1394,163.2,1,0,0
RD-1263,1,concrete,3,85.5,2,0,498,186.3,2,1,0
RD-1122,7,asphalt,2,64.5,1,3,1723,125.8,0,0,0
RD-0521,16,asphalt,5,33.3,6,1,1464,142.7,3,1,1
RD-1377,5,asphalt,2,65.9,0,2,177,155.2,3,1,0
RD-0245,3,concrete,4,81.4,0,0,569,167.6,0,0,0
RD-0087,3,asphalt,4,70.4,2,2,1697,61.0,1,0,0
RD-1410,10,asphalt,3,54.7,1,3,973,168.7,2,0,0
RD-0442,7,asphalt,4,58.7,2,2,1586,174.0,1,1,0
RD-0250,18,asphalt,3,49.3,2,4,1442,163.7,1,1,1
RD-0962,15,asphalt,2,54.5,1,6,1562,54.7,4,0,1
RD-1014,18,asphalt,4,37.5,8,6,1703,151.4,1,1,1
RD-0906,7,composite,4,64.1,1,2,1014,133.2,2,0,0
RD-0131,13,concrete,3,64.7,1,1,153,190.7,1,0,0
RD-0959,8,asphalt,3,65.2,3,2,1216,105.1,1,0,0
RD-0633,14,asphalt,4,50.1,0,4,1552,160.7,3,1,1
RD-1471,3,asphalt,2,84.0,3,2,1438,157.3,0,0,0
RD-0270,14,asphalt,4,44.4,1,2,704,104.1,4,1,1
RD-1097,2,asphalt,3,91.8,4,1,942,89.6,0,0,0
RD-1099,12,asphalt,4,54.1,1,3,1334,80.6,0,1,1
RD-1423,17,concrete,4,37.7,12,7,390,117.6,2,1,1
RD-1346,13,asphalt,5,52.7,2,5,1485,76.1,2,0,1
RD-0986,1,asphalt,5,69.6,3,0,162,67.9,4,0,0
RD-0061,4,asphalt,2,80.2,0,2,1793,77.0,2,1,0
RD-1486,15,concrete,3,51.4,3,6,409,147.6,3,0,0
RD-0185,6,asphalt,4,67.6,3,1,771,147.0,6,1,1
RD-0714,9,concrete,3,74.0,4,0,228,162.4,1,0,0
RD-1183,2,asphalt,4,74.8,0,0,1256,99.8,0,1,0
RD-1119,8,asphalt,1,81.1,1,1,1445,135.8,0,0,0
RD-0024,15,asphalt,3,43.0,1,9,1203,175.4,3,1,1
RD-0040,20,concrete,2,39.9,11,8,59,149.6,1,1,1
RD-0209,7,asphalt,1,85.2,7,0,502,70.7,0,0,0
RD-1253,5,asphalt,1,87.8,1,1,128,155.4,1,0,0
RD-0102,12,asphalt,3,67.9,2,3,413,106.8,1,0,0
RD-0007,19,asphalt,4,28.7,8,8,312,136.3,2,0,1
RD-0946,5,asphalt,3,82.9,2,0,172,100.9,2,0,0
RD-0111,1,asphalt,3,84.6,2,0,1349,115.9,1,0,0
RD-0721,9,asphalt,3,60.3,0,4,1373,135.1,1,1,0
RD-0949,10,asphalt,3,60.6,0,1,174,44.8,4,0,1
RD-0872,5,asphalt,5,79.5,2,0,695,181.8,4,0,0
RD-0339,6,asphalt,2,88.6,2,3,596,148.7,0,1,0
RD-0309,2,composite,3,86.5,2,0,1097,88.3,0,1,0
RD-0758,12,asphalt,2,63.0,1,3,81,166.7,1,0,0
RD-0614,2,asphalt,2,82.4,1,0,542,109.9,0,0,0
RD-1015,17,concrete,2,52.3,3,3,52,118.9,2,0,1
RD-0012,3,asphalt,2,70.4,2,2,1561,139.7,1,0,0
RD-1453,12,asphalt,1,61.3,3,8,1762,136.5,2,0,0
RD-0822,20,concrete,2,44.4,1,7,53,111.8,3,0,1
RD-1057,7,asphalt,4,66.1,2,0,914,153.8,3,0,0
RD-1426,8,concrete,3,67.2,2,1,1425,210.7,1,0,0
RD-0149,7,concrete,2,86.2,1,2,1587,107.4,1,1,0
RD-0968,16,asphalt,2,56.6,3,6,690,147.9,2,0,1
RD-0466,17,asphalt,4,49.7,2,5,1761,181.0,1,1,1
RD-0254,9,asphalt,3,50.1,2,3,1479,114.7,3,0,0
RD-0598,5,composite,3,74.7,0,3,313,130.0,0,0,0
RD-0612,13,asphalt,2,68.2,3,3,770,180.4,0,0,0
RD-0706,19,asphalt,3,43.1,1,7,972,153.0,1,0,1
RD-1358,2,asphalt,3,85.6,1,1,1515,80.0,1,0,0
RD-1297,16,asphalt,5,36.1,9,7,1141,51.0,4,1,1
RD-0900,19,concrete,2,47.3,2,6,59,119.7,3,1,1
RD-0744,14,asphalt,5,52.5,4,3,362,111.7,3,0,1
RD-0274,19,asphalt,2,48.3,2,8,1431,107.9,2,1,1
RD-0378,3,asphalt,2,93.3,1,1,1386,163.1,0,0,0
RD-0148,3,asphalt,3,92.1,3,1,486,192.0,3,0,0
RD-0617,1,asphalt,4,85.2,0,1,1267,189.3,4,0,0
RD-1480,14,asphalt,2,53.4,0,2,1148,70.5,3,0,1
RD-0285,17,asphalt,2,43.0,0,11,1315,154.1,2,0,1
RD-0789,6,concrete,1,88.9,0,4,1596,142.9,0,0,0
RD-0592,13,concrete,3,63.5,0,7,38,129.2,1,0,0
RD-1473,9,asphalt,4,69.5,1,3,1768,146.6,1,0,0
RD-0768,15,concrete,2,55.6,1,6,815,151.5,3,0,1
RD-1010,6,asphalt,3,87.0,3,2,1233,157.7,1,0,0
RD-0729,8,concrete,3,60.4,1,2,1682,194.9,1,1,0
RD-0886,8,concrete,1,86.7,1,1,379,87.7,0,0,0
RD-0688,2,asphalt,2,93.3,3,0,962,119.8,1,1,0
RD-0716,14,asphalt,4,50.1,0,4,1224,165.9,2,0,1
RD-0325,1,concrete,1,93.8,1,0,1078,108.4,1,0,0
RD-0130,4,asphalt,3,68.4,4,1,292,105.0,4,0,0
RD-1382,13,asphalt,4,50.4,0,8,976,102.3,1,0,1
RD-1169,5,asphalt,3,75.3,1,0,1212,133.9,1,0,0
RD-1043,6,asphalt,3,89.5,1,3,1493,179.0,0,1,0
RD-0449,10,asphalt,3,76.7,1,2,1323,202.7,2,1,0
RD-0482,19,asphalt,4,37.8,12,5,293,136.4,3,0,1
RD-0628,10,asphalt,3,57.2,1,2,613,123.8,2,0,0
RD-0371,16,concrete,3,57.9,1,5,789,124.8,1,0,0
RD-0882,18,concrete,4,41.7,3,8,1563,171.7,5,0,1
RD-0591,16,asphalt,2,64.3,1,4,161,175.8,2,0,0
RD-0724,11,asphalt,5,50.9,5,2,33,99.8,5,0,1
RD-0197,3,asphalt,2,80.1,1,2,876,106.2,1,0,0
RD-0634,1,asphalt,3,87.4,3,0,1194,118.6,0,0,0
RD-0790,16,concrete,3,51.2,2,5,877,155.5,5,0,1
RD-0118,10,asphalt,4,69.8,2,2,1349,131.2,3,1,0
RD-0525,17,asphalt,3,33.2,6,3,476,178.1,3,0,1
RD-0377,5,asphalt,4,64.8,1,2,241,160.9,0,0,0
RD-0604,5,asphalt,3,74.9,0,6,372,160.8,0,0,0
RD-1219,8,asphalt,2,77.5,0,0,541,118.8,0,0,0
RD-0551,6,asphalt,3,88.6,1,0,1701,135.9,2,1,0
RD-0046,3,asphalt,3,94.0,1,2,1180,134.9,0,1,0
RD-1116,17,asphalt,2,56.1,1,8,1094,124.2,1,0,1
RD-0712,1,asphalt,3,88.8,6,0,1432,139.0,0,0,0
RD-1476,11,concrete,5,71.5,1,4,1714,129.9,1,0,0
RD-0474,12,asphalt,1,59.4,1,2,1491,196.8,1,0,0
RD-0075,13,asphalt,2,62.4,1,5,1572,181.9,1,1,1
RD-0778,10,asphalt,2,71.5,5,4,703,178.4,5,1,1
RD-1278,20,asphalt,4,28.8,5,6,1024,99.0,4,1,1
RD-0676,19,asphalt,2,51.0,1,2,148,200.6,1,0,1
RD-0189,6,asphalt,1,76.1,0,1,1787,221.6,2,0,0
RD-1418,12,asphalt,2,66.7,0,5,803,10.0,0,0,0
RD-1313,13,asphalt,3,61.9,1,5,534,174.5,2,0,0
RD-0568,15,asphalt,1,58.9,3,4,1221,188.7,2,0,1
RD-0478,9,asphalt,4,56.3,0,1,729,238.5,1,0,1
RD-0631,14,asphalt,2,61.1,1,4,756,149.7,2,1,0
RD-0166,2,asphalt,3,64.7,0,1,1026,89.5,2,0,0
RD-1226,10,concrete,1,62.3,1,3,755,141.8,3,0,0
RD-0720,13,concrete,5,55.6,0,3,850,172.8,3,0,0
RD-0032,9,asphalt,4,47.8,0,3,250,173.7,1,0,1
RD-0735,14,concrete,1,64.4,1,4,1340,174.3,2,0,0
RD-0477,12,asphalt,3,60.8,0,2,1347,202.6,4,0,0
RD-0998,11,concrete,5,61.2,0,3,1584,88.5,2,0,0
RD-1392,19,asphalt,3,51.1,0,9,1439,117.2,2,0,1
RD-0969,4,asphalt,3,64.2,2,1,1398,99.0,3,0,0
RD-0398,5,composite,2,85.7,2,1,160,168.5,1,0,0
RD-0010,4,asphalt,4,76.0,3,1,785,78.8,0,0,0
RD-0257,4,asphalt,4,75.4,1,1,478,146.6,1,0,0
RD-0989,15,asphalt,5,35.6,8,3,895,61.7,2,1,1
RD-1324,11,asphalt,3,59.1,2,4,1052,196.4,2,0,1
RD-1108,20,asphalt,2,35.5,9,9,1295,165.0,4,0,1
RD-1307,5,concrete,5,69.6,0,0,438,149.3,3,0,0
RD-0313,9,asphalt,3,56.4,2,1,298,196.2,1,0,1
RD-0740,19,concrete,3,43.8,2,2,234,226.0,2,0,1
RD-0832,13,asphalt,3,58.9,3,4,1500,116.4,3,0,1
RD-0264,3,asphalt,2,83.2,4,0,255,136.0,2,0,0
RD-0020,17,asphalt,2,58.0,1,3,1603,171.3,2,0,1
RD-0870,11,asphalt,3,60.7,3,5,698,142.7,0,1,1
RD-0282,19,asphalt,4,35.3,3,5,421,168.1,0,0,1
RD-0815,12,asphalt,3,51.4,1,4,295,119.2,3,1,1
RD-0535,19,concrete,4,28.8,6,8,532,139.4,7,0,1
RD-0695,15,asphalt,2,54.3,1,3,1201,122.3,1,0,0
RD-0626,5,asphalt,3,77.5,4,1,794,166.6,1,0,0
RD-1125,14,concrete,1,61.6,1,8,376,86.9,2,0,0
RD-0419,11,asphalt,3,46.9,1,4,1215,159.7,0,0,1
RD-0308,10,asphalt,5,58.3,2,2,1334,89.8,0,1,0
RD-0874,3,asphalt,3,81.4,1,0,1548,68.6,1,0,0
RD-0517,5,asphalt,3,69.7,0,1,1729,131.2,0,0,0
RD-0268,12,concrete,2,60.1,5,7,232,171.6,1,0,1
RD-1497,2,asphalt,2,87.9,3,1,102,100.0,2,1,0
RD-0784,13,concrete,3,51.0,1,5,614,158.6,3,0,0
RD-1197,12,asphalt,1,63.4,2,8,467,168.3,2,0,0
RD-0749,6,concrete,1,68.1,2,2,1706,108.8,0,1,0
RD-1252,3,concrete,2,63.4,2,0,1708,85.6,3,0,0
RD-1456,20,composite,4,31.9,8,7,649,148.0,1,1,1
RD-1127,13,asphalt,3,54.2,0,3,116,115.0,2,0,1
RD-1223,9,concrete,5,54.5,0,3,1426,228.9,2,0,1
RD-0156,10,concrete,4,73.1,0,2,1221,86.5,0,0,0
RD-0143,1,asphalt,2,92.7,0,0,1257,99.6,1,0,0
RD-0785,6,asphalt,2,69.0,3,0,1262,194.3,3,0,0
RD-1011,1,asphalt,4,81.1,0,0,270,160.2,4,1,0
RD-0486,3,asphalt,2,94.9,2,1,1007,147.0,0,1,0
RD-0671,20,concrete,3,25.9,10,9,1064,144.9,4,0,1
RD-0001,7,asphalt,3,66.4,2,1,1494,105.3,2,0,0
RD-1088,4,asphalt,1,90.2,0,2,588,157.3,0,1,0
RD-0741,7,asphalt,3,59.5,1,2,1513,138.0,2,0,0
RD-0207,1,concrete,5,73.1,5,0,168,172.4,4,0,0
RD-0550,6,asphalt,1,81.0,1,2,596,127.1,0,0,0
RD-0218,16,concrete,1,67.0,1,3,467,98.3,1,0,0
RD-0876,5,asphalt,2,65.8,3,3,1538,187.0,1,1,0
RD-0345,12,asphalt,2,55.8,2,1,673,115.9,2,0,0
RD-1334,9,asphalt,5,71.1,0,3,240,108.8,4,0,0
RD-0508,7,composite,3,71.8,5,2,762,147.5,0,0,0
RD-0808,19,composite,4,31.7,14,5,1773,173.8,2,0,1
RD-0690,11,asphalt,3,59.3,2,11,1075,96.1,2,0,1
RD-1089,18,asphalt,3,49.7,1,7,973,146.0,3,0,1
RD-0221,17,concrete,1,42.7,1,4,783,142.6,1,1,1
RD-1002,18,composite,5,27.6,10,4,1058,91.1,4,1,1
RD-1162,4,asphalt,3,72.9,2,2,1210,128.7,2,0,0
RD-1482,11,asphalt,3,58.1,1,4,94,170.2,4,0,1
RD-0330,12,concrete,3,68.7,1,1,1773,183.3,1,0,0
RD-0884,8,concrete,2,54.8,0,2,703,60.2,5,1,0
RD-1093,5,concrete,5,77.8,2,0,1082,96.9,2,0,0
RD-1090,2,concrete,2,95.4,2,0,679,150.6,0,1,0
RD-0920,1,concrete,4,75.6,0,0,1367,136.6,0,1,0
RD-0991,9,asphalt,2,60.8,1,1,1438,148.2,0,0,0
RD-0983,5,asphalt,2,68.0,1,0,381,126.3,0,1,0
RD-0031,7,asphalt,2,76.0,1,1,766,188.0,2,1,0
RD-0894,1,composite,1,94.8,2,0,1618,69.4,2,0,0
RD-1272,13,asphalt,3,62.2,2,1,1285,100.8,4,0,1
RD-0491,7,asphalt,4,70.8,3,2,1283,160.8,2,0,0
RD-0388,20,asphalt,2,49.2,3,11,54,52.7,1,0,1
RD-0903,6,composite,5,68.6,0,3,1047,157.8,7,0,1
RD-1126,4,asphalt,2,73.5,0,2,39,123.2,3,0,0
RD-0249,14,asphalt,4,45.7,0,7,1238,107.2,5,0,1
RD-0981,1,asphalt,2,80.4,3,1,412,134.8,1,0,0
RD-0136,13,asphalt,5,48.0,0,2,168,76.7,1,1,1
RD-0490,16,asphalt,4,45.7,1,6,1327,110.9,2,1,1
RD-0509,14,asphalt,3,45.9,0,3,920,104.2,2,0,1
RD-1211,12,concrete,1,58.8,2,2,986,178.3,1,0,0
RD-0182,4,asphalt,3,70.7,1,1,515,122.1,0,0,0
RD-0544,7,asphalt,2,73.1,2,0,691,141.5,2,0,0
RD-0233,16,composite,3,44.9,1,4,689,131.2,1,0,1
RD-0818,4,asphalt,4,74.4,3,1,871,93.2,2,0,0
RD-1198,12,asphalt,4,46.8,1,5,295,116.4,3,0,1
RD-0621,5,asphalt,3,66.2,1,0,1231,194.3,4,1,1
RD-0651,5,asphalt,4,74.4,2,1,858,114.6,1,0,0
RD-1250,13,asphalt,1,57.0,2,3,92,90.3,0,1,1
RD-0853,15,asphalt,3,42.0,1,4,1088,173.6,1,0,1
RD-0187,20,asphalt,2,47.9,0,5,83,182.2,4,0,1
RD-0700,4,asphalt,1,76.2,1,2,1583,132.5,1,0,0
RD-1457,12,asphalt,3,63.9,0,4,1132,150.2,1,0,0
RD-0804,15,asphalt,2,45.2,2,2,1595,105.4,3,0,1
RD-0311,8,asphalt,3,64.8,2,6,1684,147.9,1,1,0
RD-1037,19,concrete,1,40.2,0,6,1744,139.3,0,0,1
RD-0053,2,asphalt,3,86.9,1,0,427,139.3,1,0,0
RD-0948,11,concrete,2,58.4,2,4,250,150.6,1,1,0
RD-0683,17,asphalt,2,45.0,2,6,741,163.4,3,0,1
RD-0595,6,asphalt,2,72.0,0,2,460,121.0,2,0,0
RD-0450,5,asphalt,3,74.2,1,1,1265,183.6,3,1,0
RD-1210,15,asphalt,4,52.3,2,7,509,186.4,3,1,1
RD-0904,6,asphalt,3,70.5,1,4,952,104.2,3,0,0
RD-0426,10,concrete,3,49.3,2,4,421,107.7,2,0,0
RD-1409,10,composite,3,55.9,1,2,320,218.1,1,0,0
RD-0305,18,asphalt,5,41.2,1,4,1104,82.2,7,1,1
RD-0772,15,concrete,3,39.9,8,4,1255,129.5,2,1,1
RD-0711,6,asphalt,4,66.7,3,3,902,184.3,0,0,0
RD-0581,8,concrete,4,63.4,1,0,267,106.8,2,1,0
RD-0501,15,asphalt,2,58.2,2,4,1267,237.7,2,0,1
RD-0987,19,asphalt,3,29.8,11,5,663,171.1,3,0,1
RD-1363,8,asphalt,4,54.8,1,2,588,166.4,2,0,1
RD-0094,9,asphalt,2,69.2,0,2,1197,134.7,1,0,0
RD-0489,4,asphalt,3,91.3,3,2,1288,63.4,0,0,0
RD-0284,3,asphalt,2,76.1,1,1,765,142.0,1,0,0
RD-0533,7,concrete,4,81.5,1,3,660,129.0,3,0,0
RD-0919,5,asphalt,3,80.2,1,0,1002,122.9,1,1,0
RD-0582,18,concrete,2,44.6,0,2,1732,296.0,6,1,1
RD-0652,17,concrete,4,36.5,10,9,652,192.8,2,0,1
RD-0500,18,concrete,2,49.5,2,7,858,177.2,2,0,1
RD-1207,17,asphalt,4,41.4,3,4,1539,87.6,3,0,1
RD-1314,2,asphalt,3,94.7,1,1,36,202.9,0,1,0
RD-1374,5,concrete,3,63.2,2,3,1110,240.1,1,0,0
RD-1118,9,asphalt,4,67.9,3,1,703,188.1,2,1,0
RD-0817,6,asphalt,3,82.3,1,1,1038,134.0,2,0,0
RD-1049,3,composite,2,90.7,2,0,585,97.2,0,0,0
RD-0619,6,asphalt,4,67.1,2,1,588,117.9,2,1,1
RD-1128,2,asphalt,4,77.3,1,1,574,148.6,0,0,0
RD-0324,20,composite,5,34.7,11,9,1443,161.3,2,0,1
RD-1335,3,asphalt,1,92.2,2,0,919,127.8,0,0,0
RD-0312,1,concrete,2,88.3,1,0,394,91.1,1,1,0
RD-0739,14,composite,3,49.3,3,6,530,150.2,1,0,1
RD-0402,10,composite,2,64.0,1,6,197,108.6,1,0,0
RD-1350,14,concrete,2,49.7,2,4,522,87.9,2,1,1
RD-1293,18,concrete,3,40.1,3,6,594,141.6,3,0,1
RD-0317,10,asphalt,4,58.9,2,4,1756,141.3,2,0,0
RD-0443,4,asphalt,4,81.3,1,0,1230,90.1,2,0,0
RD-1333,17,asphalt,1,49.1,0,10,723,111.0,0,1,1
RD-0121,7,asphalt,4,50.0,0,2,922,137.1,1,0,1
RD-1466,2,asphalt,2,76.1,0,0,1775,283.0,1,1,0
RD-1112,14,asphalt,2,71.4,1,1,1557,162.2,1,0,0
RD-1154,11,asphalt,2,64.5,0,4,1732,182.1,0,0,0
RD-0689,13,asphalt,1,73.0,0,7,686,83.1,2,1,0
RD-0541,20,composite,4,23.7,11,3,956,173.6,5,0,1
RD-0424,1,asphalt,3,83.2,2,0,222,151.7,1,0,0
RD-0475,9,asphalt,2,75.9,2,2,366,87.7,0,0,0
RD-0868,8,asphalt,2,74.6,2,2,1323,178.1,1,0,0
RD-0877,19,asphalt,4,39.1,11,6,342,125.7,4,0,1
RD-0839,5,asphalt,4,62.3,2,1,61,51.2,0,0,0
RD-1472,13,asphalt,2,46.7,0,1,946,137.3,3,0,1
RD-0516,5,asphalt,5,64.5,2,0,756,180.1,1,1,1
RD-0769,4,composite,2,92.8,2,2,1694,117.0,1,0,0
RD-1481,20,asphalt,5,19.5,12,6,1230,101.0,1,0,1
RD-0194,9,composite,4,61.2,1,4,422,112.7,2,0,0
RD-1167,2,concrete,4,64.0,4,0,1440,229.9,4,0,0
RD-0212,1,asphalt,4,79.9,0,0,515,122.1,2,0,0
RD-1181,2,asphalt,2,80.8,1,2,134,217.5,0,0,0
RD-0732,20,asphalt,3,39.8,5,5,915,143.3,2,0,1
RD-1146,12,asphalt,5,36.8,8,4,1174,94.9,5,0,1
RD-0431,14,asphalt,1,55.6,0,2,378,95.6,2,0,0
RD-0108,15,composite,1,69.9,0,2,689,132.8,1,0,0
RD-1306,5,concrete,3,76.5,4,2,658,125.8,3,0,0
RD-0636,13,composite,3,48.3,2,0,1721,171.7,2,0,1
RD-0074,15,asphalt,4,55.7,1,3,1570,152.9,2,0,1
RD-1446,17,asphalt,3,47.5,3,1,1234,164.0,1,0,1
RD-1073,11,concrete,1,55.3,1,1,782,130.3,1,0,0
RD-1474,7,asphalt,3,62.8,1,2,365,118.4,2,0,0
RD-1150,13,concrete,1,59.1,2,2,181,239.8,3,0,0
RD-1465,11,asphalt,4,56.4,3,4,136,213.6,3,0,1
RD-0283,4,composite,3,93.4,1,3,753,166.1,0,0,0
RD-1339,3,concrete,4,76.0,2,1,1036,240.7,1,1,0
RD-0878,14,asphalt,2,56.0,4,8,660,111.3,0,1,0
RD-1417,13,concrete,1,65.8,2,2,1349,124.5,0,1,0
RD-1464,19,asphalt,3,33.1,8,3,1104,102.2,3,0,1
RD-1459,11,concrete,1,64.8,1,5,1550,145.2,1,0,0
RD-0528,4,asphalt,4,82.7,1,0,408,104.0,0,0,0
RD-1411,11,asphalt,2,65.4,2,3,1623,136.2,2,0,0
RD-1177,11,composite,4,71.8,1,1,567,141.8,4,0,0
RD-0288,14,asphalt,3,49.4,1,7,475,113.2,0,0,1
RD-0133,19,asphalt,4,50.8,2,5,1595,154.1,2,0,1
RD-0120,19,asphalt,1,34.6,8,2,973,179.7,4,0,1
RD-1381,8,concrete,4,67.0,1,2,1074,258.2,3,1,0
RD-1254,11,asphalt,3,62.7,2,3,806,236.0,1,0,1
RD-0163,20,asphalt,2,49.5,0,6,964,113.5,1,0,1
RD-0422,3,asphalt,4,78.5,4,2,484,166.5,0,0,0
RD-0925,10,asphalt,3,72.7,1,3,479,157.7,4,0,0
RD-1282,12,concrete,2,55.0,2,5,1310,176.4,2,0,1
RD-0515,2,asphalt,1,80.5,2,0,622,208.6,2,0,0
RD-1189,11,asphalt,3,49.4,0,4,689,191.6,1,0,1
RD-0418,19,asphalt,4,44.5,2,4,271,168.7,2,1,1
RD-0672,6,concrete,1,74.6,1,2,613,106.7,2,0,0
RD-0677,17,asphalt,5,38.6,3,2,549,156.1,1,0,1
RD-0097,2,asphalt,1,94.5,0,0,1796,176.4,0,0,0
RD-1361,9,concrete,1,83.2,4,3,477,108.5,0,0,0
RD-0600,2,asphalt,2,74.3,1,1,1022,108.0,3,0,0
RD-0301,10,asphalt,5,52.9,1,3,1573,229.3,3,0,1
RD-0162,17,asphalt,1,49.3,2,4,1360,179.8,0,0,1
RD-1185,9,asphalt,3,69.8,3,3,1731,192.4,2,0,0
RD-0857,5,asphalt,3,74.6,0,1,600,165.0,2,0,0
RD-1094,20,asphalt,3,28.3,9,10,1544,140.8,2,0,1
RD-1237,8,asphalt,1,67.1,5,1,825,79.6,3,0,0
RD-0996,3,asphalt,2,80.3,0,3,809,169.0,0,1,0
RD-1000,2,asphalt,1,100.0,1,1,1661,150.9,1,0,0
RD-0798,4,asphalt,3,73.7,0,1,209,243.9,4,0,0
RD-1232,15,asphalt,2,56.0,0,1,770,67.4,8,0,1
RD-0453,17,asphalt,1,41.6,1,7,1610,106.7,1,0,1
RD-0579,8,asphalt,2,68.8,0,2,636,81.5,1,0,0
RD-1434,10,concrete,1,67.7,0,3,431,182.4,2,0,0
RD-0923,10,concrete,2,63.2,2,2,866,81.6,1,0,0
RD-1343,3,asphalt,1,91.7,2,1,1335,162.1,1,0,0
RD-0639,1,asphalt,4,82.1,1,0,1383,101.7,2,0,0
RD-0980,11,asphalt,4,50.1,1,2,546,198.6,1,0,1
RD-1165,8,asphalt,2,75.6,3,5,1769,188.9,1,0,0
RD-0322,4,asphalt,3,83.5,1,1,218,209.6,3,0,0
RD-1236,16,asphalt,1,50.0,0,8,409,148.2,1,0,1
RD-0896,2,asphalt,2,100.0,1,2,876,148.7,1,0,0
RD-0599,15,asphalt,2,45.9,2,1,501,218.0,4,0,1
RD-1113,17,concrete,5,50.5,3,8,1181,31.9,0,0,1
RD-1291,13,concrete,1,58.5,0,6,387,134.8,2,0,0
RD-0519,19,asphalt,5,41.4,1,7,1476,115.3,2,0,1
RD-0393,7,asphalt,2,66.0,1,3,1172,141.5,2,0,0
RD-0496,5,asphalt,2,84.9,1,2,1554,110.7,1,0,0
RD-0073,9,concrete,4,49.1,2,1,293,177.2,2,0,1
RD-1050,10,asphalt,4,69.4,3,3,737,161.2,4,0,1
RD-0637,13,asphalt,4,43.9,1,5,1275,204.1,3,1,1
RD-0297,20,concrete,4,29.6,8,7,740,122.6,2,0,1
RD-1117,14,asphalt,3,61.9,2,7,822,124.2,3,0,1
RD-0104,3,asphalt,3,69.0,0,0,920,143.4,1,0,0
RD-0565,9,asphalt,5,44.2,2,3,1691,122.7,3,0,1
RD-0938,12,asphalt,4,41.4,2,3,1491,106.1,3,0,1
RD-0620,17,asphalt,3,40.1,0,4,821,90.3,1,0,1
RD-0150,6,asphalt,2,87.2,2,2,1790,106.4,0,0,0
RD-0440,19,asphalt,4,37.6,10,4,1611,166.2,3,1,1
RD-1038,15,composite,2,47.3,0,5,802,160.3,2,0,1
RD-1082,10,asphalt,4,68.1,2,8,1624,268.3,1,0,0
RD-0272,6,asphalt,3,74.6,3,4,663,189.7,0,0,0
RD-0911,15,asphalt,3,53.0,0,5,114,182.7,1,0,1
RD-1325,2,concrete,2,85.0,1,1,307,133.6,0,0,0
RD-0569,1,composite,3,82.6,2,0,1067,166.4,2,0,0
RD-0302,3,asphalt,5,76.2,2,3,821,26.0,1,0,0
RD-1248,3,composite,2,78.0,3,2,732,144.2,1,0,0
RD-1067,15,asphalt,2,50.8,2,8,383,114.9,1,0,1
RD-0685,5,asphalt,1,71.3,1,0,1342,96.2,1,0,0
RD-0498,11,concrete,2,71.9,3,7,491,201.7,1,0,0
RD-0941,19,asphalt,5,41.3,1,8,87,93.3,3,1,1
RD-0232,16,concrete,3,38.6,8,4,364,154.2,3,0,1
RD-0263,7,asphalt,3,67.4,0,0,660,171.8,2,0,0
RD-0041,15,asphalt,3,47.9,2,4,816,193.2,3,0,1
RD-0085,8,asphalt,2,66.9,2,4,660,114.2,3,1,0
RD-1137,2,asphalt,3,90.9,1,0,302,154.2,1,1,0
RD-1454,4,concrete,3,82.0,0,1,61,65.7,1,1,0
RD-0552,12,asphalt,3,57.0,2,4,1243,77.9,1,0,0
RD-1007,19,asphalt,1,50.0,0,5,1251,146.1,0,0,0
RD-1030,13,composite,5,43.0,0,4,1244,168.4,0,0,1
RD-0354,3,asphalt,5,64.2,3,1,117,93.1,0,0,0
RD-0616,3,asphalt,4,87.7,2,1,1168,95.4,1,0,0
RD-0625,5,asphalt,5,64.8,4,1,1298,138.7,3,0,1
RD-0834,3,asphalt,3,88.0,1,1,232,172.7,2,0,0
RD-0701,8,asphalt,3,71.0,3,4,92,54.0,0,0,0
RD-0961,1,asphalt,2,87.5,1,0,446,81.1,0,1,0
RD-1260,4,composite,4,58.5,0,1,1110,169.2,2,0,0
RD-1385,8,asphalt,5,64.3,1,3,1575,107.3,3,0,0
RD-1271,2,asphalt,2,79.2,2,0,1009,149.3,0,0,0
RD-1109,12,concrete,2,60.1,3,6,335,151.5,2,0,0
RD-1378,13,composite,3,55.6,5,4,1354,121.4,4,0,1
RD-1431,6,asphalt,2,79.0,1,1,1574,132.5,0,0,0
RD-0269,19,asphalt,5,32.6,7,6,997,160.1,2,0,1
RD-1058,8,asphalt,4,67.8,2,4,1220,163.5,2,0,0
RD-0915,7,concrete,5,74.0,2,4,1505,141.0,3,0,0
RD-0151,8,asphalt,4,60.3,4,1,467,98.7,0,0,1
RD-1142,10,concrete,3,64.6,2,0,1253,197.2,1,1,0
RD-0733,15,composite,3,52.3,1,4,1378,113.1,0,1,1
RD-0226,5,asphalt,1,90.0,1,1,1484,43.2,0,0,0
RD-0594,3,asphalt,1,100.0,2,0,182,90.3,1,1,0
RD-0668,15,concrete,5,47.4,1,5,908,130.8,2,0,1
RD-0077,7,asphalt,3,80.0,0,4,506,75.9,2,0,0
RD-0352,20,asphalt,3,35.0,11,5,1451,124.5,3,0,1
RD-1032,8,concrete,4,71.0,1,2,1631,149.9,1,0,0
RD-1206,17,asphalt,4,37.3,9,5,1424,97.4,3,0,1
RD-0966,12,concrete,3,45.8,0,6,546,108.5,1,0,1
RD-1141,12,asphalt,2,56.5,1,4,1431,104.1,1,0,0
RD-0743,15,asphalt,3,42.7,4,9,752,167.3,2,0,1
RD-0473,4,asphalt,3,72.6,0,0,983,61.0,3,1,0
RD-0394,4,asphalt,2,75.6,1,1,137,141.1,2,1,0
RD-0754,10,concrete,1,66.7,1,3,74,53.8,2,1,0
RD-0427,11,asphalt,2,61.2,0,7,630,155.2,1,0,0
RD-0926,1,asphalt,4,81.9,0,1,1304,152.8,2,0,0
RD-0170,17,asphalt,2,61.8,0,2,251,109.3,3,0,0
RD-0134,2,asphalt,1,83.0,2,1,961,80.1,0,0,0
RD-1024,7,composite,4,54.5,3,2,1591,37.8,3,0,0
RD-0458,17,concrete,4,61.4,1,6,1491,148.6,3,0,1
RD-1493,3,composite,5,61.1,0,0,747,145.6,4,0,0
RD-1303,17,asphalt,2,44.3,2,6,959,104.6,1,0,1
RD-1328,3,asphalt,4,75.7,2,0,974,212.9,0,0,0
RD-0603,13,asphalt,3,70.8,1,5,541,130.3,3,0,0
RD-1034,18,asphalt,3,49.1,2,4,1669,113.7,3,0,1
RD-0934,8,asphalt,4,68.6,0,4,379,156.1,1,0,0
RD-0444,18,asphalt,4,42.7,0,6,1732,223.2,3,0,1
RD-0899,8,asphalt,2,87.4,2,6,329,89.2,0,0,0
RD-1359,12,asphalt,3,58.5,1,5,467,176.9,2,0,1
RD-1264,16,asphalt,3,61.2,1,7,169,115.2,3,0,1
RD-0609,17,asphalt,2,44.4,1,8,1087,69.4,0,0,0
RD-1428,13,concrete,2,45.2,1,2,596,150.1,2,0,0
RD-0361,19,composite,2,43.4,1,4,412,220.5,4,0,1
RD-0875,5,asphalt,3,73.9,1,0,289,92.4,1,0,0
RD-1294,4,composite,3,82.8,3,1,1059,70.2,0,0,0
RD-0850,17,asphalt,1,50.9,1,5,187,109.6,1,0,0
RD-0100,5,asphalt,5,74.8,1,0,444,180.7,1,0,0
RD-0106,3,concrete,1,95.0,2,1,1220,211.5,0,0,0
RD-1100,20,asphalt,2,55.8,2,2,505,134.9,2,0,1
RD-1103,6,asphalt,3,71.6,0,0,1636,226.1,0,0,0
RD-0893,17,composite,3,50.2,2,8,357,170.3,5,0,1
RD-0047,14,asphalt,1,58.8,2,5,727,181.5,0,1,1
RD-0611,17,composite,4,44.4,0,7,1447,195.3,2,0,1
RD-0608,15,asphalt,4,45.1,0,6,709,126.1,3,0,1
RD-0299,3,composite,5,82.4,2,1,1231,122.8,4,0,0
RD-0035,4,asphalt,5,68.4,0,2,283,216.3,1,0,0
RD-0290,3,asphalt,2,73.1,2,1,416,169.2,2,0,0
RD-1174,19,asphalt,2,46.7,0,2,396,167.9,2,1,1
RD-1348,9,concrete,3,60.6,2,6,843,151.3,1,0,0
RD-0252,3,asphalt,3,73.2,2,1,198,118.1,3,0,0
RD-1019,9,asphalt,1,59.1,2,4,1647,136.6,0,0,0
RD-0742,3,concrete,5,73.8,1,1,1436,186.2,1,0,0
RD-0901,7,asphalt,2,68.2,1,0,1127,106.5,0,0,0
RD-0861,11,concrete,3,59.9,3,5,397,166.4,2,1,1
RD-0862,9,asphalt,5,63.3,1,1,941,176.7,8,1,1
RD-1444,17,concrete,3,56.0,0,5,1322,174.7,4,1,1
RD-1208,10,asphalt,3,61.3,2,2,301,210.5,1,0,0
RD-0747,13,asphalt,4,67.9,1,3,190,107.3,1,0,1
RD-1288,1,asphalt,4,60.5,0,0,555,158.1,3,0,0
RD-0470,13,asphalt,4,43.9,2,2,121,143.5,2,0,1
RD-0848,5,asphalt,1,82.3,3,3,1124,125.3,1,0,0
RD-0931,13,asphalt,5,45.0,1,1,856,137.8,2,1,1
RD-0771,2,asphalt,3,81.1,0,0,1732,151.0,0,0,0
RD-0267,16,composite,1,61.6,1,2,1529,208.0,1,0,0
RD-1045,4,concrete,3,81.3,0,1,561,206.1,0,0,0
RD-0067,8,asphalt,2,84.3,3,2,751,65.5,1,0,0
RD-1080,18,asphalt,1,53.7,1,3,1130,95.3,2,1,1
RD-0982,14,asphalt,1,61.2,2,7,722,76.1,2,1,0
RD-1139,5,asphalt,5,75.9,3,2,1160,153.0,1,0,0
RD-0549,1,asphalt,3,73.4,1,0,765,103.0,1,0,0
RD-1005,11,concrete,2,78.8,1,3,1107,179.5,0,0,0
RD-0017,1,asphalt,3,77.7,1,0,462,217.8,0,1,0
RD-1044,19,asphalt,3,42.9,2,2,1584,171.1,3,0,1
RD-0366,12,asphalt,4,34.7,8,3,845,136.2,1,0,1
RD-1397,9,asphalt,5,67.6,1,3,1081,201.3,1,0,1
RD-1298,1,asphalt,1,85.0,1,0,1086,208.1,2,0,0
RD-0114,7,asphalt,3,92.5,1,4,1607,98.6,0,0,0
RD-0849,9,asphalt,4,48.5,0,1,1676,117.6,1,0,0
RD-0157,12,asphalt,4,64.9,2,2,1160,119.9,2,1,1
RD-1076,20,asphalt,3,44.5,1,4,1464,171.8,2,0,1
RD-1017,17,asphalt,2,48.9,2,3,1680,95.4,5,1,1
RD-0924,5,asphalt,3,71.7,1,0,293,125.2,1,0,0
RD-1442,18,asphalt,3,41.7,0,5,1161,45.2,2,0,1
RD-1055,1,asphalt,3,94.9,4,0,88,134.3,0,1,0
RD-1436,2,asphalt,4,61.5,2,0,816,88.8,1,0,0
RD-0217,7,concrete,2,67.4,1,3,659,89.2,1,0,0
RD-1064,3,asphalt,4,75.0,2,0,1484,78.5,0,0,0
RD-0659,11,asphalt,4,51.0,2,6,967,135.0,2,1,1
RD-0360,10,asphalt,4,59.9,0,5,853,174.4,5,0,1
RD-0686,2,asphalt,5,53.9,0,1,263,165.2,2,0,0
RD-1095,11,concrete,2,67.9,0,2,1188,114.0,2,0,0
RD-1258,15,asphalt,3,56.6,0,6,213,194.9,1,1,1
RD-0979,9,asphalt,3,72.8,1,1,181,111.1,2,0,0
RD-0199,4,asphalt,4,74.5,3,0,1261,162.4,1,0,0
RD-1366,2,concrete,4,83.9,0,1,966,169.8,4,0,0
RD-1066,1,asphalt,3,94.3,1,1,225,110.4,0,0,0
RD-0117,15,asphalt,5,21.3,10,2,210,259.4,4,0,1
RD-0181,6,asphalt,3,81.6,1,3,856,89.0,1,0,0
RD-1163,17,asphalt,1,58.8,3,7,1383,215.5,1,0,1
RD-0051,8,asphalt,3,65.4,0,4,1571,73.6,1,0,0
RD-1405,5,composite,1,84.0,2,1,1023,105.2,1,0,0
RD-1228,7,asphalt,4,74.9,1,1,1268,125.2,2,0,0
RD-1458,7,concrete,5,65.5,1,2,1312,177.1,3,0,0
RD-0799,6,composite,2,80.4,2,3,676,135.0,1,0,0
RD-0369,15,asphalt,4,28.3,6,2,960,133.7,4,0,1
RD-0629,19,concrete,3,53.8,1,4,1787,143.2,0,0,1
RD-1352,2,asphalt,2,86.6,2,1,1659,72.1,1,0,0
RD-1114,18,asphalt,4,49.4,4,10,478,88.5,1,0,1
RD-0795,19,concrete,1,46.1,3,7,1363,98.6,1,1,1
RD-1424,9,asphalt,4,71.4,3,4,1211,88.2,1,0,0
RD-0499,11,concrete,2,51.9,2,3,478,145.5,1,0,0
RD-0548,17,concrete,3,42.7,2,5,298,183.3,1,0,1
RD-0571,16,composite,4,54.7,2,6,1617,117.6,1,0,0
RD-0527,13,asphalt,5,45.0,0,1,126,163.5,3,0,1
RD-0201,3,asphalt,2,83.1,2,0,1139,157.1,0,0,0
RD-0068,16,asphalt,3,35.4,4,4,1352,161.9,4,0,1
RD-0248,18,asphalt,3,54.8,0,6,1220,112.5,1,1,1
RD-0972,8,asphalt,2,75.5,3,2,1264,182.3,4,1,0
RD-1184,9,composite,4,69.7,1,4,749,53.6,0,0,0
RD-0558,5,asphalt,2,86.1,2,1,895,140.8,0,0,0
RD-1092,15,concrete,2,53.3,1,3,1077,110.0,3,0,1
RD-1199,19,asphalt,3,34.8,7,8,191,133.3,3,0,1
RD-1039,18,asphalt,1,48.8,1,4,204,112.6,2,0,1
RD-0975,9,concrete,3,69.8,2,6,1623,50.2,1,0,0
RD-0039,2,concrete,3,76.8,2,0,1184,206.5,3,0,0
RD-0145,20,asphalt,2,39.4,8,3,1675,177.8,3,0,1
RD-0347,5,asphalt,1,71.1,1,2,1054,187.1,0,0,0
RD-0060,10,concrete,5,49.8,1,3,763,259.4,3,0,1
RD-1438,5,asphalt,3,78.5,1,1,402,136.2,1,0,0
RD-0791,4,asphalt,3,80.4,1,1,1598,167.2,1,0,0
RD-1203,19,concrete,1,46.7,1,8,487,197.3,0,1,1
RD-0684,20,asphalt,1,39.3,7,3,1738,125.6,5,1,1
RD-0566,17,asphalt,2,57.9,0,5,1422,92.4,4,0,1
RD-0484,16,asphalt,3,29.0,8,4,253,148.1,2,0,1
RD-1280,12,asphalt,5,41.0,1,6,430,91.1,0,0,1
RD-0574,10,asphalt,2,61.6,1,2,72,177.0,1,1,0
RD-0107,5,asphalt,1,70.2,0,3,1071,211.8,0,0,0
RD-0479,7,asphalt,2,84.8,1,1,954,146.4,1,0,0
RD-0043,12,asphalt,4,56.2,1,6,1142,45.2,2,0,1
RD-0898,8,asphalt,3,69.2,1,2,688,148.4,3,1,1
RD-0973,10,concrete,5,42.9,1,7,189,150.1,4,1,1
RD-0140,20,asphalt,4,33.7,10,10,1772,121.5,2,0,1
RD-1190,8,asphalt,4,46.2,1,2,1330,46.8,2,0,1
RD-0864,12,asphalt,4,40.0,2,4,236,220.3,6,0,1
RD-1355,3,asphalt,1,94.8,1,1,103,129.7,1,1,0
RD-0238,11,asphalt,2,53.5,1,2,438,136.7,3,0,1
RD-1461,6,asphalt,3,81.3,5,1,204,166.9,1,0,0
RD-0602,18,asphalt,2,41.9,1,2,1581,151.6,4,0,1
RD-0487,12,concrete,3,51.7,5,5,144,96.8,1,0,0
RD-1196,5,composite,2,75.5,2,0,1783,118.2,2,0,0
RD-1386,2,composite,4,87.1,1,0,586,108.2,2,0,0
RD-0368,1,asphalt,4,80.4,2,0,339,130.5,0,0,0
RD-0063,16,composite,1,48.3,0,5,448,201.4,2,0,1
RD-1399,11,asphalt,1,55.9,1,5,842,92.6,3,0,0
RD-0332,15,concrete,4,43.1,2,4,1147,86.2,2,0,1
RD-0375,16,asphalt,3,49.6,1,2,1638,178.8,3,0,1
RD-1031,16,asphalt,1,49.8,2,5,1003,119.9,0,1,0
RD-1430,16,asphalt,5,31.9,6,6,756,187.1,0,0,1
RD-0573,12,asphalt,4,72.1,2,1,1260,154.3,7,0,0
RD-0459,7,asphalt,3,67.8,0,2,883,159.1,1,1,0
RD-0590,13,composite,3,59.9,2,6,1427,117.2,3,1,1
RD-0497,3,asphalt,2,88.8,0,2,924,133.4,1,0,0
RD-0520,8,asphalt,3,69.9,1,2,954,199.4,2,0,0
RD-0093,7,asphalt,2,72.6,2,2,586,161.9,2,0,0
RD-0610,11,asphalt,3,89.8,1,2,500,192.1,2,1,0
RD-0728,1,concrete,4,75.9,1,0,60,155.1,1,1,0
RD-0128,15,asphalt,3,47.6,2,1,380,220.8,2,0,1
RD-0976,19,asphalt,3,37.7,8,4,383,186.1,2,0,1
RD-1420,2,asphalt,1,87.1,2,1,1046,95.6,0,0,0
RD-0236,1,asphalt,3,95.7,2,0,853,105.3,0,0,0
RD-0220,20,asphalt,1,41.6,2,8,1122,157.6,3,1,1
RD-1455,3,asphalt,2,73.0,2,0,956,93.6,0,1,0
RD-0703,3,asphalt,4,74.7,0,0,1188,106.0,2,0,0
RD-1168,15,asphalt,3,57.9,3,7,1674,167.4,2,0,1
RD-0161,17,asphalt,3,49.7,1,2,838,160.8,2,1,1
RD-0667,18,concrete,4,42.4,1,5,419,145.9,2,0,1
RD-0287,12,asphalt,2,59.0,2,4,1061,185.4,2,1,1
RD-0888,19,composite,3,38.6,7,12,1436,123.5,4,0,1
RD-0203,20,composite,2,46.7,1,6,1500,120.8,2,1,1
RD-0753,5,composite,4,61.6,0,2,1730,128.8,3,0,0
RD-0423,1,concrete,3,93.7,0,0,1188,196.1,1,0,0
RD-0647,18,asphalt,2,51.5,4,6,931,103.2,1,0,1
RD-0916,4,asphalt,2,82.5,2,0,1360,91.0,1,0,0
RD-1450,18,concrete,2,47.4,2,4,1425,134.2,4,0,1
RD-0457,18,composite,4,39.7,9,6,1286,78.0,7,0,1
RD-0813,19,asphalt,4,36.8,3,10,648,32.1,3,0,1
RD-0399,4,asphalt,4,76.3,1,1,632,95.2,1,0,0
RD-1152,14,asphalt,2,65.2,3,4,1731,92.0,1,0,0
RD-1147,13,asphalt,2,68.2,3,7,1668,184.5,3,1,1
RD-0985,4,asphalt,1,94.7,0,3,980,99.0,0,0,0
RD-1301,9,asphalt,1,88.2,3,2,282,62.6,0,0,0
RD-0390,12,asphalt,2,67.0,1,1,54,112.2,2,0,0
RD-0452,3,asphalt,4,67.7,2,1,852,164.1,0,0,0
RD-0160,20,asphalt,3,38.3,10,3,1564,94.7,3,0,1
RD-0243,8,concrete,4,71.3,4,2,962,87.1,2,1,0
RD-0660,19,concrete,3,37.2,12,1,176,180.3,2,0,1
RD-1025,1,asphalt,4,86.3,2,0,1507,104.3,3,0,0
RD-0692,16,concrete,5,35.9,8,4,771,185.4,3,0,1
RD-0033,7,composite,2,67.8,1,3,1079,133.4,2,0,0
RD-0678,5,asphalt,4,67.5,2,1,1268,116.3,1,0,0
RD-0641,8,concrete,3,72.6,2,2,1446,126.7,1,1,0
RD-0881,10,asphalt,2,76.9,2,1,1233,128.4,0,1,0
RD-1393,16,asphalt,3,45.1,2,6,1742,154.5,1,1,1
RD-0383,14,asphalt,1,66.6,2,2,720,138.2,2,1,0
RD-0124,4,composite,5,76.0,1,1,195,130.1,5,1,0
RD-0963,8,asphalt,1,78.6,2,2,1665,112.1,2,0,0
RD-0224,16,composite,1,55.9,2,1,123,79.8,2,0,1
RD-0593,14,asphalt,4,50.1,0,4,1796,170.3,4,0,1
RD-0190,11,asphalt,2,56.5,1,3,1128,226.5,1,0,0
RD-0745,11,asphalt,4,63.5,2,3,632,153.9,0,0,0
RD-1302,15,asphalt,2,66.3,1,7,136,138.1,3,0,0
RD-1130,11,asphalt,3,64.4,0,3,1392,149.9,2,0,0
RD-1218,6,asphalt,2,78.3,1,1,1573,91.0,1,1,0
RD-1401,10,asphalt,1,75.9,2,4,1240,251.9,0,1,0
RD-0086,3,asphalt,3,74.0,3,0,208,158.0,0,0,0
RD-0945,11,asphalt,1,64.6,4,5,168,67.8,1,0,0
RD-0038,9,composite,4,68.8,3,5,855,208.5,2,0,0
RD-0231,19,asphalt,4,29.9,1,6,1678,137.4,2,0,1
RD-0289,6,asphalt,1,89.3,2,1,43,118.3,1,0,0
RD-0089,5,asphalt,4,52.0,4,4,371,132.2,2,0,1
RD-1006,12,asphalt,2,63.2,2,2,1551,80.9,0,0,0
RD-0902,19,asphalt,5,38.0,10,3,201,67.4,3,0,1
RD-1487,16,asphalt,2,64.6,1,4,284,164.4,2,0,1
RD-1421,13,asphalt,1,72.4,3,4,448,169.2,0,0,0
RD-0691,11,asphalt,1,65.9,1,3,107,178.5,0,0,0
RD-1448,1,asphalt,3,100.0,4,0,1565,92.6,0,1,0
RD-0006,7,asphalt,2,78.5,1,3,497,177.3,2,1,0
RD-0649,1,asphalt,2,81.5,1,0,1473,150.5,1,0,0
RD-1479,15,asphalt,1,62.2,1,4,1563,133.2,0,0,0
RD-0397,10,asphalt,3,55.2,2,4,910,112.3,1,0,1
RD-0219,16,concrete,4,41.1,1,5,102,80.5,2,0,1
RD-0572,11,concrete,3,46.0,3,6,903,169.2,2,0,1
RD-1321,13,asphalt,3,54.7,1,4,415,128.4,4,0,1
RD-1156,19,asphalt,2,43.9,0,9,504,10.0,4,0,1
RD-0543,9,asphalt,1,73.5,1,2,1003,128.6,1,1,0
RD-0376,7,asphalt,3,74.8,2,2,701,81.0,0,0,0
RD-1484,17,asphalt,2,42.2,2,1,253,101.5,2,0,1
RD-0271,6,asphalt,5,68.8,0,3,1350,180.1,1,0,0
RD-0319,18,asphalt,3,45.0,3,7,1424,156.2,1,1,1
RD-1452,15,composite,3,52.4,0,3,1026,103.6,3,0,1
RD-1013,11,asphalt,4,59.7,2,1,530,55.0,1,1,0
RD-0385,15,asphalt,1,65.1,4,7,1207,189.5,0,0,0
RD-0907,19,asphalt,3,36.2,7,8,1638,87.1,2,1,1
RD-0380,16,asphalt,4,49.4,2,4,1499,140.8,2,0,1
RD-0766,13,asphalt,4,59.5,5,3,643,91.6,2,0,0
RD-0648,12,concrete,3,60.4,2,3,302,123.6,1,1,0
RD-0195,6,asphalt,3,64.7,3,3,583,144.2,3,1,0
RD-0076,1,asphalt,2,77.7,0,1,50,115.5,0,1,0
RD-0846,20,asphalt,3,36.4,7,4,99,128.3,3,0,1
RD-1200,6,asphalt,3,67.5,2,0,533,164.0,2,0,0
RD-0005,8,asphalt,4,65.6,1,4,131,112.1,1,0,0
RD-0262,8,concrete,3,60.6,4,1,1151,182.2,0,0,0
RD-0096,12,asphalt,4,53.9,2,6,237,119.1,1,0,1
RD-0139,12,asphalt,4,43.7,2,0,889,174.3,3,0,1
RD-1217,16,concrete,5,32.9,7,6,1196,218.7,2,1,1
RD-1451,14,concrete,4,46.3,2,4,1401,100.1,3,0,1
RD-1240,20,asphalt,4,32.8,8,9,398,63.8,4,0,1
RD-0338,10,concrete,3,68.6,4,2,863,154.0,2,0,0
RD-0455,16,concrete,4,41.3,1,5,1798,140.3,3,0,1
RD-0103,8,asphalt,3,79.5,3,4,1314,130.7,0,0,0
RD-1144,8,asphalt,1,77.4,1,4,1780,168.0,0,0,0
RD-0856,17,asphalt,4,44.5,2,10,445,138.6,5,0,1
RD-1336,20,asphalt,2,41.8,1,5,1763,120.3,3,1,1
RD-1408,19,asphalt,5,36.9,6,6,243,188.3,3,0,1
RD-0373,13,asphalt,5,40.8,2,4,30,171.8,3,1,1
RD-0191,16,asphalt,5,35.7,7,2,378,152.3,10,0,1
RD-0939,13,asphalt,5,42.3,1,4,1038,73.9,4,0,1
RD-1435,9,composite,1,77.1,0,0,132,196.0,0,0,0
RD-0947,20,asphalt,3,33.7,6,10,137,103.8,4,0,1
RD-1340,18,asphalt,1,48.2,2,6,1667,84.1,1,1,1
RD-1390,1,composite,2,81.0,0,0,1501,143.8,0,0,0
RD-0889,6,asphalt,3,61.3,1,1,1177,136.9,2,1,0
RD-1221,12,composite,2,58.2,2,5,421,185.1,3,0,0
RD-1008,7,asphalt,5,52.3,1,2,470,79.9,3,0,1
RD-0072,13,asphalt,2,55.6,0,1,146,103.5,1,0,0
RD-0933,15,concrete,4,48.2,0,1,1099,133.7,4,0,0
RD-0022,16,asphalt,3,59.9,0,1,1654,101.2,1,0,1
RD-1204,5,composite,3,66.8,1,2,1035,121.8,3,0,0
RD-1180,11,asphalt,2,53.5,1,5,45,90.8,1,0,1
RD-0362,17,concrete,3,35.4,6,3,1618,122.2,2,0,1
RD-1289,17,concrete,1,58.6,2,5,1153,136.7,2,0,1
RD-1153,2,asphalt,2,92.2,0,1,335,112.2,0,1,0
RD-0510,13,asphalt,4,56.4,2,4,195,186.1,1,1,1
RD-1370,5,asphalt,3,65.2,1,1,115,172.7,0,1,0
RD-0438,10,concrete,1,77.4,2,4,1285,162.8,1,0,0
RD-1499,17,composite,3,57.6,1,2,484,148.7,3,1,1
RD-1018,20,concrete,2,36.9,6,4,1046,134.4,0,0,1
RD-0761,20,asphalt,3,34.8,6,7,1176,138.1,4,1,1
RD-0613,1,asphalt,3,77.3,0,0,1548,117.6,0,1,0
RD-0439,2,asphalt,3,92.8,1,0,1021,125.1,0,0,0
RD-1290,3,asphalt,3,74.4,1,0,766,164.2,3,0,0
RD-0829,5,composite,2,71.9,2,2,642,75.7,2,1,0
RD-0835,1,concrete,2,90.1,2,0,1143,26.5,2,0,0
RD-0334,2,asphalt,3,90.8,4,2,365,203.8,0,1,0
RD-0737,2,asphalt,1,87.7,1,1,108,10.0,0,0,0
RD-0401,20,asphalt,3,35.9,6,4,788,164.9,2,0,1
RD-1149,10,asphalt,4,60.7,1,3,977,211.3,1,1,1
RD-0606,1,asphalt,4,90.3,0,0,744,131.9,1,0,0
RD-1205,12,asphalt,3,49.6,1,4,1700,91.5,4,0,1
RD-1003,2,asphalt,3,97.5,1,0,406,215.5,1,0,0
RD-1028,19,asphalt,1,64.7,2,7,1480,168.3,1,0,1
RD-0601,10,asphalt,2,70.3,2,5,219,91.4,3,0,0
RD-1033,19,asphalt,3,35.6,10,6,528,161.9,3,1,1
RD-1353,11,asphalt,1,78.7,1,3,1639,203.7,2,0,0
RD-0178,19,composite,2,43.0,2,1,987,103.8,0,1,1
RD-1345,6,concrete,3,71.4,2,1,1269,162.7,2,0,0
RD-0205,20,asphalt,3,39.3,5,12,540,166.4,4,0,1
RD-1365,11,concrete,3,56.1,1,3,999,93.2,2,0,1
RD-1364,5,concrete,4,66.4,2,2,1730,149.7,1,0,0
RD-0638,4,asphalt,1,90.8,3,0,1442,178.3,1,0,0
RD-1173,20,asphalt,5,28.3,11,8,1305,158.0,3,0,1
RD-1061,8,asphalt,4,62.1,1,4,974,170.7,2,0,0
RD-0731,3,asphalt,1,91.4,1,0,738,96.3,1,1,0
RD-0529,4,asphalt,3,83.8,1,1,699,151.9,0,0,0
RD-0650,12,asphalt,3,59.8,2,3,1123,179.1,2,1,1
RD-1036,14,asphalt,2,65.9,2,1,170,86.4,0,0,0
RD-1159,11,asphalt,2,68.9,4,3,1124,161.3,1,0,0
RD-1413,18,concrete,3,42.2,3,8,559,97.4,3,1,1
RD-0204,7,concrete,3,68.4,3,3,206,73.6,2,0,0
RD-1212,16,concrete,2,46.1,1,8,188,129.3,2,0,1
RD-0561,19,concrete,3,49.5,1,9,419,189.6,2,0,1
RD-1414,4,asphalt,2,75.6,1,0,721,199.9,1,0,0
RD-0858,12,asphalt,4,54.6,2,5,915,134.7,2,0,0
RD-1209,17,concrete,2,41.0,3,3,1232,167.6,1,0,1
RD-0227,5,asphalt,2,88.9,3,1,486,151.4,0,0,0
RD-1060,3,concrete,3,82.6,2,1,996,65.8,4,0,0
RD-0782,20,asphalt,3,29.5,10,2,1222,230.4,5,0,1
RD-0645,2,asphalt,4,83.4,4,2,616,127.3,0,1,0
RD-0109,14,asphalt,3,50.2,4,4,276,184.6,1,0,1
RD-0196,16,asphalt,1,65.8,1,4,1210,73.3,0,0,0
RD-1347,15,concrete,2,57.0,0,2,1374,290.4,3,0,0
RD-1441,4,asphalt,4,70.5,1,2,1086,142.3,1,0,0
RD-0436,17,asphalt,3,45.1,2,4,1217,73.7,4,1,1
RD-1308,11,concrete,4,60.7,3,4,150,109.2,4,1,1
RD-0246,16,asphalt,1,69.3,2,7,1707,154.1,1,1,1
RD-0767,18,asphalt,1,30.5,11,2,541,219.5,6,1,1
RD-0064,15,asphalt,1,53.6,2,7,223,68.2,3,0,0
RD-0992,9,concrete,2,73.5,1,6,849,155.6,0,0,0
RD-1478,2,asphalt,1,98.7,2,2,232,164.8,0,0,0
RD-1312,11,asphalt,3,54.9,1,5,1147,145.0,1,0,0
RD-1133,10,asphalt,3,70.8,0,2,1076,99.4,4,1,0
RD-0158,15,asphalt,2,60.5,3,5,1433,77.8,1,0,0
RD-1267,12,asphalt,2,69.7,4,4,1461,89.4,1,0,0
RD-0168,17,asphalt,3,62.1,0,4,200,141.2,0,0,0
RD-0955,14,concrete,4,50.0,3,5,597,36.6,1,0,1
RD-1213,19,asphalt,2,46.8,2,1,784,211.5,4,0,1
RD-1443,4,concrete,2,99.1,3,4,1475,172.6,2,1,0
RD-0605,1,asphalt,4,79.5,0,1,1483,135.4,1,1,0
RD-0570,3,composite,1,100.0,1,1,615,165.1,0,1,0
RD-0642,2,concrete,5,79.3,0,3,683,189.0,4,1,0
RD-0480,14,asphalt,3,53.1,3,2,709,77.2,2,0,1
RD-0078,9,asphalt,4,48.7,2,4,578,107.5,3,0,1
RD-1327,17,asphalt,4,50.8,0,7,856,67.0,5,0,1
RD-0867,1,asphalt,4,92.6,1,1,607,154.9,3,1,0
RD-0917,6,asphalt,4,79.1,1,0,1701,175.4,0,0,0
RD-0844,8,concrete,3,64.5,1,6,820,157.4,1,0,0
RD-0673,1,asphalt,3,91.6,0,0,376,153.2,1,0,0
RD-0367,1,asphalt,1,100.0,2,0,1446,135.5,1,1,0
RD-0994,20,asphalt,4,23.8,9,11,1430,89.7,7,0,1
RD-1121,13,concrete,3,52.3,1,4,1393,124.3,2,0,1
RD-1214,8,asphalt,1,78.6,3,0,233,107.1,1,0,0
RD-1299,14,asphalt,3,47.1,2,6,1125,166.3,0,0,1
RD-0563,18,concrete,3,47.1,2,2,1464,141.3,3,0,1
RD-0003,15,asphalt,3,51.3,0,6,168,214.4,1,0,1
RD-0511,8,asphalt,2,54.4,2,3,614,140.1,0,1,0
RD-0464,3,asphalt,5,61.6,2,2,73,171.3,2,1,0
RD-1437,15,asphalt,5,53.2,0,4,354,100.4,2,1,1
RD-0773,8,asphalt,5,70.9,1,2,444,198.9,2,0,0
RD-0126,7,asphalt,3,74.5,0,2,1353,157.6,2,0,0
RD-0462,17,asphalt,2,55.5,2,7,1571,116.5,1,1,1
RD-1161,11,composite,4,56.3,2,4,62,210.4,3,0,1
RD-1368,6,asphalt,4,69.4,5,2,789,206.1,5,0,1
RD-1086,16,asphalt,4,48.3,2,6,107,201.8,4,0,1
RD-0891,15,concrete,4,55.6,3,3,1721,127.9,2,0,0
RD-0304,14,concrete,3,73.0,0,2,466,80.0,1,0,0
RD-0056,4,asphalt,5,54.2,2,0,543,45.4,0,0,0
RD-1009,20,concrete,4,30.4,9,8,1771,143.7,4,1,1
RD-1440,20,asphalt,1,41.5,1,7,920,110.4,3,0,1
RD-0988,8,asphalt,5,53.5,0,3,198,94.1,2,1,1
RD-1287,5,asphalt,4,79.6,2,1,1235,173.8,1,1,0
RD-0506,17,asphalt,4,47.0,0,7,1307,185.4,2,1,1
RD-0865,3,asphalt,2,86.5,2,0,1414,139.2,1,0,0
RD-0021,10,asphalt,4,71.1,1,2,405,127.5,1,0,0
RD-0337,20,asphalt,3,24.1,10,7,370,150.4,3,0,1
RD-1225,15,concrete,3,39.8,10,5,959,198.4,1,0,1
RD-1416,14,asphalt,4,49.9,0,4,578,119.8,1,1,1
RD-1238,18,asphalt,3,49.0,0,7,1565,58.4,3,1,1
RD-0052,4,concrete,1,93.5,0,2,80,126.0,0,0,0
RD-1354,9,asphalt,4,67.8,3,3,157,88.3,3,0,0
RD-0942,19,asphalt,3,58.0,0,8,1072,165.2,0,0,0
RD-1056,18,asphalt,2,43.7,0,6,1697,203.2,4,0,1
RD-1102,5,asphalt,1,85.2,0,1,1242,225.9,0,1,0
RD-0578,12,asphalt,5,48.0,1,2,940,169.5,2,0,1
RD-0485,5,asphalt,4,76.5,1,2,1472,79.3,2,1,0
RD-1081,7,composite,3,69.6,0,1,91,86.7,3,0,0
RD-0802,11,asphalt,2,56.7,2,1,424,85.9,0,1,1
RD-1138,17,concrete,1,44.7,5,11,1504,152.9,3,0,1
RD-1083,7,asphalt,4,60.9,2,1,267,98.7,2,0,0
RD-0381,19,asphalt,1,42.1,1,5,333,127.7,1,0,1
RD-1249,12,composite,2,60.4,0,3,1421,136.4,1,1,1
RD-1054,2,asphalt,1,79.2,2,0,1026,235.4,2,0,0
